<?xml version="1.0" encoding="UTF-8"?><rss version="2.0"
	xmlns:content="http://purl.org/rss/1.0/modules/content/"
	xmlns:wfw="http://wellformedweb.org/CommentAPI/"
	xmlns:dc="http://purl.org/dc/elements/1.1/"
	xmlns:atom="http://www.w3.org/2005/Atom"
	xmlns:sy="http://purl.org/rss/1.0/modules/syndication/"
	xmlns:slash="http://purl.org/rss/1.0/modules/slash/"
	>

<channel>
	<title>GIA HUY &#8211; My WordPress</title>
	<atom:link href="http://localhost/myproject/wordpress/author/user1/feed/" rel="self" type="application/rss+xml" />
	<link>http://https://github.com/suvir1408/suvir1408.github.io.git</link>
	<description>Một trang web mới sử dụng WordPress</description>
	<lastBuildDate>Tue, 25 May 2021 03:34:26 +0000</lastBuildDate>
	<language>en-GB</language>
	<sy:updatePeriod>
	hourly	</sy:updatePeriod>
	<sy:updateFrequency>
	1	</sy:updateFrequency>
	<generator>https://wordpress.org/?v=5.7.2</generator>
	<item>
		<title>Tra cứu thông tin trên internet</title>
		<link>http://https://github.com/suvir1408/suvir1408.github.io.git/khong-phan-loai/tra-cuu-thong-tin-tren-internet/</link>
					<comments>http://https://github.com/suvir1408/suvir1408.github.io.git/khong-phan-loai/tra-cuu-thong-tin-tren-internet/#respond</comments>
		
		<dc:creator><![CDATA[GIA HUY]]></dc:creator>
		<pubDate>Tue, 25 May 2021 03:34:26 +0000</pubDate>
				<category><![CDATA[Chưa phân loại]]></category>
		<guid isPermaLink="false">http://https://github.com/suvir1408/suvir1408.github.io.git/?p=34</guid>

					<description><![CDATA[-Internet là một kho tài nguyên thông tin vô tận được cung cấp bởi hàng triệu trang Web trên khắp thế giới. Các thông tin này rất đa dạng và có thể đúng, cũng có thể sai hoặc chưa đầy đủ, do đó người sử dụng cần phải tìm kiếm thông tin từ nhiều nguồn [&#8230;]]]></description>
										<content:encoded><![CDATA[
<p class="has-medium-font-size">-Internet là một kho tài nguyên thông tin vô tận được cung cấp bởi hàng triệu trang Web trên khắp thế giới. Các thông tin này rất đa dạng và có thể đúng, cũng có thể sai hoặc chưa đầy đủ, do đó người sử dụng cần phải tìm kiếm thông tin từ nhiều nguồn khác nhau và sau đó mới so sánh, tổng hợp để có được kết quả như mong muốn. Ngoài ra việc tìm kiếm được đúng thông tin cần thiết cũng không phải là chuyện dễ dàng.</p>



<figure class="wp-block-image size-large is-resized is-style-rounded"><img loading="lazy" src="http://https://github.com/suvir1408/suvir1408.github.io.git/wp-content/uploads/2021/05/search-engine.png" alt="" class="wp-image-42" width="586" height="458"/></figure>


<p><iframe loading="lazy" title="YouTube video player" src="https://www.youtube.com/embed/MiDc072EPiw?start=300" width="560" height="315" frameborder="0" allowfullscreen="allowfullscreen"></iframe></p>


<p class="has-medium-font-size" style="line-height:1.5"></p>



<figure class="wp-block-audio"><audio controls src="http://https://github.com/suvir1408/suvir1408.github.io.git/wp-content/uploads/2021/05/Vach-Ngoc-Nga-New-Version-G5RSquad-Phan-Ann.mp3"></audio></figure>



<figure class="wp-block-audio"><audio controls src="http://https://github.com/suvir1408/suvir1408.github.io.git/wp-content/uploads/2021/05/Cang-Lon-Cang-Co-Don-JayKii.mp3"></audio></figure>



<p></p>
]]></content:encoded>
					
					<wfw:commentRss>http://https://github.com/suvir1408/suvir1408.github.io.git/khong-phan-loai/tra-cuu-thong-tin-tren-internet/feed/</wfw:commentRss>
			<slash:comments>0</slash:comments>
		
		<enclosure url="http://https://github.com/suvir1408/suvir1408.github.io.git/wp-content/uploads/2021/05/Vach-Ngoc-Nga-New-Version-G5RSquad-Phan-Ann.mp3" length="3512777" type="audio/mpeg" />
<enclosure url="http://https://github.com/suvir1408/suvir1408.github.io.git/wp-content/uploads/2021/05/Cang-Lon-Cang-Co-Don-JayKii.mp3" length="4222450" type="audio/mpeg" />

			</item>
		<item>
		<title>Chào tất cả mọi người!</title>
		<link>http://https://github.com/suvir1408/suvir1408.github.io.git/khong-phan-loai/chao-moi-nguoi/</link>
					<comments>http://https://github.com/suvir1408/suvir1408.github.io.git/khong-phan-loai/chao-moi-nguoi/#comments</comments>
		
		<dc:creator><![CDATA[GIA HUY]]></dc:creator>
		<pubDate>Thu, 13 May 2021 09:02:54 +0000</pubDate>
				<category><![CDATA[Chưa phân loại]]></category>
		<guid isPermaLink="false">http://https://github.com/suvir1408/suvir1408.github.io.git/?p=1</guid>

					<description><![CDATA[Cảm ơn vì đã sử dụng WordPress. Đây là bài viết đầu tiên của bạn. Sửa hoặc xóa nó, và bắt đầu bài viết của bạn nhé!]]></description>
										<content:encoded><![CDATA[
<p>Cảm ơn vì đã sử dụng WordPress. Đây là bài viết đầu tiên của bạn. Sửa hoặc xóa nó, và bắt đầu bài viết của bạn nhé!</p>
]]></content:encoded>
					
					<wfw:commentRss>http://https://github.com/suvir1408/suvir1408.github.io.git/khong-phan-loai/chao-moi-nguoi/feed/</wfw:commentRss>
			<slash:comments>4</slash:comments>
		
		
			</item>
	</channel>
</rss>
